citizen_email,citizen_password,citizen_name,citizen_phone
citizen1@jmeter.test,jmeter123,JMeter Citizen 1,0912345678
citizen2@jmeter.test,jmeter123,JMeter Citizen 2,0923456789
citizen3@jmeter.test,jmeter123,JMeter Citizen 3,0934567890
citizen4@jmeter.test,jmeter123,JMeter Citizen 4,0945678901
citizen5@jmeter.test,jmeter123,JMeter Citizen 5,0956789012
citizen6@jmeter.test,jmeter123,JMeter Citizen 6,0967890123
citizen7@jmeter.test,jmeter123,JMeter Citizen 7,0978901234
citizen8@jmeter.test,jmeter123,JMeter Citizen 8,0989012345
citizen9@jmeter.test,jmeter123,JMeter Citizen 9,0990123456
citizen10@jmeter.test,jmeter123,JMeter Citizen 10,0911234567
citizen11@jmeter.test,jmeter123,JMeter Citizen 11,0922345678
citizen12@jmeter.test,jmeter123,JMeter Citizen 12,0933456789
citizen13@jmeter.test,jmeter123,JMeter Citizen 13,0944567890
citizen14@jmeter.test,jmeter123,JMeter Citizen 14,0955678901
citizen15@jmeter.test,jmeter123,JMeter Citizen 15,0966789012
citizen16@jmeter.test,jmeter123,JMeter Citizen 16,0977890123
citizen17@jmeter.test,jmeter123,JMeter Citizen 17,0988901234
citizen18@jmeter.test,jmeter123,JMeter Citizen 18,0999012345
citizen19@jmeter.test,jmeter123,JMeter Citizen 19,0910123456
citizen20@jmeter.test,jmeter123,JMeter Citizen 20,0921234567
citizen21@jmeter.test,jmeter123,JMeter Citizen 21,0932345678
citizen22@jmeter.test,jmeter123,JMeter Citizen 22,0943456789
citizen23@jmeter.test,jmeter123,JMeter Citizen 23,0954567890
citizen24@jmeter.test,jmeter123,JMeter Citizen 24,0965678901
citizen25@jmeter.test,jmeter123,JMeter Citizen 25,0976789012
citizen26@jmeter.test,jmeter123,JMeter Citizen 26,0987890123
citizen27@jmeter.test,jmeter123,JMeter Citizen 27,0998901234
citizen28@jmeter.test,jmeter123,JMeter Citizen 28,0919012345
citizen29@jmeter.test,jmeter123,JMeter Citizen 29,0920123456
citizen30@jmeter.test,jmeter123,JMeter Citizen 30,0931234567
citizen31@jmeter.test,jmeter123,JMeter Citizen 31,0942345678
citizen32@jmeter.test,jmeter123,JMeter Citizen 32,0953456789
citizen33@jmeter.test,jmeter123,JMeter Citizen 33,0964567890
citizen34@jmeter.test,jmeter123,JMeter Citizen 34,0975678901
citizen35@jmeter.test,jmeter123,JMeter Citizen 35,0986789012
citizen36@jmeter.test,jmeter123,JMeter Citizen 36,0997890123
citizen37@jmeter.test,jmeter123,JMeter Citizen 37,0918901234
citizen38@jmeter.test,jmeter123,JMeter Citizen 38,0929012345
citizen39@jmeter.test,jmeter123,JMeter Citizen 39,0930123456
citizen40@jmeter.test,jmeter123,JMeter Citizen 40,0941234567
citizen41@jmeter.test,jmeter123,JMeter Citizen 41,0952345678
citizen42@jmeter.test,jmeter123,JMeter Citizen 42,0963456789
citizen43@jmeter.test,jmeter123,JMeter Citizen 43,0974567890
citizen44@jmeter.test,jmeter123,JMeter Citizen 44,0985678901
citizen45@jmeter.test,jmeter123,JMeter Citizen 45,0996789012
citizen46@jmeter.test,jmeter123,JMeter Citizen 46,0917890123
citizen47@jmeter.test,jmeter123,JMeter Citizen 47,0928901234
citizen48@jmeter.test,jmeter123,JMeter Citizen 48,0939012345
citizen49@jmeter.test,jmeter123,JMeter Citizen 49,0940123456
citizen50@jmeter.test,jmeter123,JMeter Citizen 50,0951234567