employee_email,employee_password,employee_dept_id,employee_gov_id
employee1@jmeter.test,jmeter123,1,1
employee2@jmeter.test,jmeter123,1,1
employee3@jmeter.test,jmeter123,1,1
employee4@jmeter.test,jmeter123,1,1
employee5@jmeter.test,jmeter123,1,1
employee6@jmeter.test,jmeter123,2,1
employee7@jmeter.test,jmeter123,2,1
employee8@jmeter.test,jmeter123,2,1
employee9@jmeter.test,jmeter123,3,1
employee10@jmeter.test,jmeter123,3,1
employee11@jmeter.test,jmeter123,4,1
employee12@jmeter.test,jmeter123,4,1
employee13@jmeter.test,jmeter123,5,1
employee14@jmeter.test,jmeter123,5,1
employee15@jmeter.test,jmeter123,6,1
employee16@jmeter.test,jmeter123,7,1
employee17@jmeter.test,jmeter123,8,1
employee18@jmeter.test,jmeter123,9,1
employee19@jmeter.test,jmeter123,10,1
employee20@jmeter.test,jmeter123,10,1